file_name,label
k_line_0.png,1
k_line_1.png,1
k_line_2.png,1
k_line_3.png,1
k_line_4.png,1
k_line_5.png,1
k_line_6.png,1
k_line_7.png,1
k_line_8.png,1
k_line_9.png,1
k_line_10.png,1
k_line_11.png,1
k_line_12.png,1
k_line_13.png,1
k_line_14.png,1
k_line_15.png,1
k_line_16.png,1
k_line_17.png,1
k_line_18.png,1
k_line_19.png,1
k_line_20.png,1
k_line_21.png,1
k_line_22.png,1
k_line_23.png,1
k_line_24.png,1
k_line_25.png,1
k_line_26.png,1
k_line_27.png,1
k_line_28.png,0
k_line_29.png,0
k_line_30.png,0
k_line_31.png,0
k_line_32.png,0
k_line_33.png,0
k_line_34.png,0
k_line_35.png,0
k_line_36.png,0
k_line_37.png,0
k_line_38.png,0
k_line_39.png,0
k_line_40.png,0
k_line_41.png,0
k_line_42.png,0
k_line_43.png,0
k_line_44.png,0
k_line_45.png,0
k_line_46.png,0
k_line_47.png,1
k_line_48.png,1
k_line_49.png,1
k_line_50.png,1
k_line_51.png,1
k_line_52.png,1
k_line_53.png,1
k_line_54.png,1
k_line_55.png,1
k_line_56.png,1
k_line_57.png,1
k_line_58.png,1
k_line_59.png,1
k_line_60.png,0
k_line_61.png,0
k_line_62.png,1
k_line_63.png,1
k_line_64.png,0
k_line_65.png,0
k_line_66.png,0
k_line_67.png,0
k_line_68.png,0
k_line_69.png,1
k_line_70.png,1
k_line_71.png,1
k_line_72.png,1
k_line_73.png,1
k_line_74.png,1
k_line_75.png,1
k_line_76.png,1
k_line_77.png,1
k_line_78.png,1
k_line_79.png,1
k_line_80.png,1
k_line_81.png,1
k_line_82.png,1
k_line_83.png,1
k_line_84.png,1
k_line_85.png,1
k_line_86.png,1
k_line_87.png,1
k_line_88.png,1
k_line_89.png,1
k_line_90.png,1
k_line_91.png,1
k_line_92.png,1
k_line_93.png,1
k_line_94.png,1
k_line_95.png,1
k_line_96.png,1
k_line_97.png,1
k_line_98.png,0
k_line_99.png,0
k_line_100.png,0
k_line_101.png,0
k_line_102.png,0
k_line_103.png,0
k_line_104.png,0
k_line_105.png,0
k_line_106.png,0
k_line_107.png,0
k_line_108.png,0
k_line_109.png,0
k_line_110.png,0
k_line_111.png,0
k_line_112.png,0
k_line_113.png,0
k_line_114.png,0
k_line_115.png,0
k_line_116.png,0
k_line_117.png,0
k_line_118.png,0
k_line_119.png,0
k_line_120.png,0
k_line_121.png,0
k_line_122.png,0
k_line_123.png,0
k_line_124.png,0
k_line_125.png,0
k_line_126.png,0
k_line_127.png,0
k_line_128.png,0
k_line_129.png,0
k_line_130.png,0
k_line_131.png,0
k_line_132.png,0
k_line_133.png,1
k_line_134.png,1
k_line_135.png,1
k_line_136.png,1
k_line_137.png,1
k_line_138.png,1
k_line_139.png,1
k_line_140.png,1
k_line_141.png,1
k_line_142.png,1
k_line_143.png,1
k_line_144.png,1
k_line_145.png,0
k_line_146.png,0
k_line_147.png,0
k_line_148.png,0
k_line_149.png,0
k_line_150.png,0
k_line_151.png,0
k_line_152.png,0
k_line_153.png,0
k_line_154.png,0
k_line_155.png,0
k_line_156.png,0
k_line_157.png,0
k_line_158.png,0
k_line_159.png,0
k_line_160.png,0
k_line_161.png,0
k_line_162.png,0
k_line_163.png,0
k_line_164.png,0
k_line_165.png,0
k_line_166.png,0
k_line_167.png,0
k_line_168.png,0
k_line_169.png,0
k_line_170.png,0
k_line_171.png,0
k_line_172.png,0
k_line_173.png,0
k_line_174.png,0
k_line_175.png,0
k_line_176.png,0
k_line_177.png,0
k_line_178.png,0
k_line_179.png,1
k_line_180.png,1
k_line_181.png,1
k_line_182.png,1
k_line_183.png,1
k_line_184.png,1
k_line_185.png,1
k_line_186.png,1
k_line_187.png,1
k_line_188.png,1
k_line_189.png,1
k_line_190.png,0
k_line_191.png,0
k_line_192.png,0
k_line_193.png,0
k_line_194.png,0
k_line_195.png,0
k_line_196.png,0
k_line_197.png,0
k_line_198.png,0
k_line_199.png,0
k_line_200.png,0
k_line_201.png,1
k_line_202.png,1
k_line_203.png,1
k_line_204.png,1
k_line_205.png,1
k_line_206.png,1
k_line_207.png,1
k_line_208.png,1
k_line_209.png,1
k_line_210.png,1
k_line_211.png,0
k_line_212.png,0
k_line_213.png,0
k_line_214.png,1
k_line_215.png,1
k_line_216.png,1
k_line_217.png,1
k_line_218.png,1
k_line_219.png,1
k_line_220.png,1
k_line_221.png,1
k_line_222.png,1
k_line_223.png,1
k_line_224.png,1
k_line_225.png,1
k_line_226.png,1
k_line_227.png,1
k_line_228.png,1
k_line_229.png,1
k_line_230.png,0
k_line_231.png,0
k_line_232.png,0
k_line_233.png,0
k_line_234.png,0
k_line_235.png,0
k_line_236.png,0
k_line_237.png,1
k_line_238.png,1
k_line_239.png,1
k_line_240.png,1
k_line_241.png,1
k_line_242.png,1
k_line_243.png,1
k_line_244.png,1
k_line_245.png,1
k_line_246.png,1
k_line_247.png,1
k_line_248.png,1
k_line_249.png,1
k_line_250.png,1
k_line_251.png,1
k_line_252.png,1
k_line_253.png,0
k_line_254.png,0
k_line_255.png,0
k_line_256.png,0
k_line_257.png,0
k_line_258.png,0
k_line_259.png,0
k_line_260.png,0
k_line_261.png,0
k_line_262.png,0
k_line_263.png,0
k_line_264.png,0
k_line_265.png,0
k_line_266.png,0
k_line_267.png,0
k_line_268.png,0
k_line_269.png,0
k_line_270.png,0
k_line_271.png,0
k_line_272.png,0
k_line_273.png,0
k_line_274.png,0
k_line_275.png,0
k_line_276.png,0
k_line_277.png,0
k_line_278.png,0
k_line_279.png,0
k_line_280.png,0
k_line_281.png,0
k_line_282.png,0
k_line_283.png,0
k_line_284.png,0
k_line_285.png,0
k_line_286.png,0
k_line_287.png,0
k_line_288.png,0
k_line_289.png,0
k_line_290.png,0
k_line_291.png,0
k_line_292.png,0
k_line_293.png,0
k_line_294.png,0
k_line_295.png,0
k_line_296.png,0
k_line_297.png,0
k_line_298.png,0
k_line_299.png,0
k_line_300.png,0
k_line_301.png,0
k_line_302.png,0
k_line_303.png,0
k_line_304.png,0
k_line_305.png,0
k_line_306.png,0
k_line_307.png,0
k_line_308.png,0
k_line_309.png,0
k_line_310.png,0
k_line_311.png,0
k_line_312.png,0
k_line_313.png,0
k_line_314.png,0
k_line_315.png,0
k_line_316.png,0
k_line_317.png,0
k_line_318.png,0
k_line_319.png,0
k_line_320.png,0
k_line_321.png,0
k_line_322.png,0
k_line_323.png,0
k_line_324.png,0
k_line_325.png,0
k_line_326.png,0
k_line_327.png,0
k_line_328.png,0
k_line_329.png,0
k_line_330.png,0
k_line_331.png,0
k_line_332.png,0
k_line_333.png,0
k_line_334.png,0
k_line_335.png,0
k_line_336.png,0
k_line_337.png,0
k_line_338.png,0
k_line_339.png,0
k_line_340.png,0
k_line_341.png,0
k_line_342.png,0
k_line_343.png,0
k_line_344.png,0
k_line_345.png,0
k_line_346.png,1
k_line_347.png,1
k_line_348.png,1
k_line_349.png,1
k_line_350.png,1
k_line_351.png,1
k_line_352.png,1
k_line_353.png,1
k_line_354.png,1
k_line_355.png,1
k_line_356.png,1
k_line_357.png,0
k_line_358.png,0
k_line_359.png,0
k_line_360.png,0
k_line_361.png,0
k_line_362.png,0
k_line_363.png,0
k_line_364.png,0
k_line_365.png,0
k_line_366.png,0
k_line_367.png,0
k_line_368.png,0
k_line_369.png,0
k_line_370.png,0
k_line_371.png,1
k_line_372.png,0
k_line_373.png,0
k_line_374.png,0
k_line_375.png,0
k_line_376.png,0
k_line_377.png,0
k_line_378.png,0
k_line_379.png,0
k_line_380.png,0
k_line_381.png,0
k_line_382.png,0
k_line_383.png,0
k_line_384.png,0
k_line_385.png,0
k_line_386.png,1
k_line_387.png,1
k_line_388.png,1
k_line_389.png,1
k_line_390.png,1
k_line_391.png,1
k_line_392.png,1
k_line_393.png,1
k_line_394.png,1
k_line_395.png,1
k_line_396.png,1
k_line_397.png,1
k_line_398.png,1
k_line_399.png,1
k_line_400.png,1
k_line_401.png,1
k_line_402.png,1
k_line_403.png,1
k_line_404.png,1
k_line_405.png,1
k_line_406.png,1
k_line_407.png,1
k_line_408.png,1
k_line_409.png,1
k_line_410.png,1
k_line_411.png,1
k_line_412.png,1
k_line_413.png,1
k_line_414.png,1
k_line_415.png,1
k_line_416.png,1
k_line_417.png,0
k_line_418.png,0
k_line_419.png,0
k_line_420.png,0
k_line_421.png,0
k_line_422.png,0
k_line_423.png,0
k_line_424.png,1
k_line_425.png,1
k_line_426.png,1
k_line_427.png,0
k_line_428.png,0
k_line_429.png,0
k_line_430.png,0
k_line_431.png,0
k_line_432.png,0
k_line_433.png,0
k_line_434.png,0
k_line_435.png,0
k_line_436.png,0
k_line_437.png,0
k_line_438.png,0
k_line_439.png,0
k_line_440.png,0
k_line_441.png,0
k_line_442.png,0
k_line_443.png,0
k_line_444.png,0
k_line_445.png,0
k_line_446.png,0
k_line_447.png,0
k_line_448.png,0
k_line_449.png,0
k_line_450.png,0
k_line_451.png,0
k_line_452.png,0
k_line_453.png,0
k_line_454.png,0
k_line_455.png,0
k_line_456.png,0
k_line_457.png,0
k_line_458.png,0
k_line_459.png,0
k_line_460.png,0
k_line_461.png,0
k_line_462.png,0
k_line_463.png,0
k_line_464.png,0
k_line_465.png,0
k_line_466.png,0
k_line_467.png,0
k_line_468.png,0
k_line_469.png,0
k_line_470.png,0
k_line_471.png,0
k_line_472.png,0
k_line_473.png,1
k_line_474.png,1
k_line_475.png,1
k_line_476.png,1
k_line_477.png,1
k_line_478.png,1
k_line_479.png,1
k_line_480.png,1
k_line_481.png,1
k_line_482.png,1
k_line_483.png,1
k_line_484.png,1
k_line_485.png,1
k_line_486.png,1
k_line_487.png,1
k_line_488.png,1
k_line_489.png,1
k_line_490.png,1
k_line_491.png,1
k_line_492.png,1
k_line_493.png,1
k_line_494.png,1
k_line_495.png,1
k_line_496.png,1
k_line_497.png,1
k_line_498.png,1
k_line_499.png,1
k_line_500.png,1
k_line_501.png,1
k_line_502.png,1
k_line_503.png,1
k_line_504.png,1
k_line_505.png,1
k_line_506.png,1
k_line_507.png,1
k_line_508.png,1
k_line_509.png,1
k_line_510.png,1
k_line_511.png,1
k_line_512.png,1
k_line_513.png,1
k_line_514.png,1
k_line_515.png,1
k_line_516.png,1
k_line_517.png,1
k_line_518.png,1
k_line_519.png,1
k_line_520.png,1
k_line_521.png,0
k_line_522.png,0
k_line_523.png,0
k_line_524.png,0
k_line_525.png,1
k_line_526.png,1
k_line_527.png,1
k_line_528.png,1
k_line_529.png,1
k_line_530.png,1
k_line_531.png,1
k_line_532.png,1
k_line_533.png,1
k_line_534.png,0
k_line_535.png,0
k_line_536.png,0
k_line_537.png,0
k_line_538.png,0
k_line_539.png,0
k_line_540.png,0
k_line_541.png,0
k_line_542.png,0
k_line_543.png,0
k_line_544.png,0
k_line_545.png,0
k_line_546.png,0
k_line_547.png,0
k_line_548.png,0
k_line_549.png,0
k_line_550.png,0
k_line_551.png,0
k_line_552.png,0
k_line_553.png,0
k_line_554.png,0
k_line_555.png,0
k_line_556.png,0
k_line_557.png,0
k_line_558.png,0
k_line_559.png,0
k_line_560.png,0
k_line_561.png,0
k_line_562.png,0
k_line_563.png,0
k_line_564.png,0
k_line_565.png,0
k_line_566.png,0
k_line_567.png,0
k_line_568.png,0
k_line_569.png,0
k_line_570.png,0
k_line_571.png,0
k_line_572.png,0
k_line_573.png,0
k_line_574.png,0
k_line_575.png,0
k_line_576.png,0
k_line_577.png,0
k_line_578.png,0
k_line_579.png,0
k_line_580.png,0
k_line_581.png,0
k_line_582.png,0
k_line_583.png,0
k_line_584.png,1
k_line_585.png,1
k_line_586.png,1
k_line_587.png,1
k_line_588.png,1
k_line_589.png,1
k_line_590.png,1
k_line_591.png,1
k_line_592.png,1
k_line_593.png,1
k_line_594.png,1
k_line_595.png,1
k_line_596.png,0
k_line_597.png,0
k_line_598.png,0
k_line_599.png,0
k_line_600.png,0
k_line_601.png,0
k_line_602.png,0
k_line_603.png,0
k_line_604.png,0
k_line_605.png,0
k_line_606.png,0
k_line_607.png,0
k_line_608.png,0
k_line_609.png,0
k_line_610.png,0
k_line_611.png,0
k_line_612.png,0
k_line_613.png,0
k_line_614.png,0
k_line_615.png,0
k_line_616.png,0
k_line_617.png,0
k_line_618.png,0
k_line_619.png,0
k_line_620.png,0
k_line_621.png,0
k_line_622.png,0
k_line_623.png,0
k_line_624.png,0
k_line_625.png,0
k_line_626.png,0
k_line_627.png,0
k_line_628.png,0
k_line_629.png,0
k_line_630.png,0
k_line_631.png,0
k_line_632.png,0
k_line_633.png,0
k_line_634.png,0
k_line_635.png,0
k_line_636.png,0
k_line_637.png,0
k_line_638.png,0
k_line_639.png,0
k_line_640.png,0
k_line_641.png,0
k_line_642.png,0
k_line_643.png,0
k_line_644.png,0
k_line_645.png,0
k_line_646.png,0
k_line_647.png,0
k_line_648.png,1
k_line_649.png,1
k_line_650.png,1
k_line_651.png,1
k_line_652.png,1
k_line_653.png,1
k_line_654.png,0
k_line_655.png,0
k_line_656.png,0
k_line_657.png,0
k_line_658.png,0
k_line_659.png,0
k_line_660.png,0
k_line_661.png,0
k_line_662.png,0
k_line_663.png,0
k_line_664.png,0
k_line_665.png,0
k_line_666.png,0
k_line_667.png,0
k_line_668.png,0
k_line_669.png,0
k_line_670.png,0
k_line_671.png,0
k_line_672.png,0
k_line_673.png,0
k_line_674.png,0
k_line_675.png,0
k_line_676.png,0
k_line_677.png,0
k_line_678.png,0
k_line_679.png,0
k_line_680.png,0
k_line_681.png,0
k_line_682.png,0
k_line_683.png,0
k_line_684.png,0
k_line_685.png,0
k_line_686.png,0
k_line_687.png,0
k_line_688.png,0
k_line_689.png,0
k_line_690.png,0
k_line_691.png,0
k_line_692.png,1
k_line_693.png,1
k_line_694.png,1
k_line_695.png,1
k_line_696.png,1
k_line_697.png,1
k_line_698.png,1
k_line_699.png,1
k_line_700.png,1
k_line_701.png,1
k_line_702.png,1
k_line_703.png,1
k_line_704.png,1
k_line_705.png,1
k_line_706.png,1
k_line_707.png,1
k_line_708.png,1
k_line_709.png,1
k_line_710.png,1
k_line_711.png,1
k_line_712.png,1
k_line_713.png,1
k_line_714.png,0
k_line_715.png,0
k_line_716.png,0
k_line_717.png,0
k_line_718.png,0
k_line_719.png,0
k_line_720.png,1
k_line_721.png,1
k_line_722.png,1
k_line_723.png,1
k_line_724.png,1
k_line_725.png,1
k_line_726.png,1
k_line_727.png,1
k_line_728.png,1
k_line_729.png,1
k_line_730.png,1
k_line_731.png,1
k_line_732.png,1
k_line_733.png,1
k_line_734.png,1
k_line_735.png,1
k_line_736.png,1
k_line_737.png,1
k_line_738.png,1
k_line_739.png,1
k_line_740.png,0
k_line_741.png,0
k_line_742.png,0
k_line_743.png,1
k_line_744.png,1
k_line_745.png,1
k_line_746.png,1
k_line_747.png,1
k_line_748.png,1
k_line_749.png,1
k_line_750.png,0
k_line_751.png,0
k_line_752.png,0
k_line_753.png,0
k_line_754.png,0
k_line_755.png,0
k_line_756.png,0
k_line_757.png,0
k_line_758.png,0
k_line_759.png,0
k_line_760.png,0
k_line_761.png,0
k_line_762.png,0
k_line_763.png,0
k_line_764.png,0
k_line_765.png,0
k_line_766.png,0
k_line_767.png,0
k_line_768.png,0
k_line_769.png,0
k_line_770.png,0
k_line_771.png,0
k_line_772.png,0
k_line_773.png,0
k_line_774.png,0
k_line_775.png,0
k_line_776.png,0
k_line_777.png,0
k_line_778.png,0
k_line_779.png,0
k_line_780.png,0
k_line_781.png,0
k_line_782.png,0
k_line_783.png,0
k_line_784.png,0
k_line_785.png,0
k_line_786.png,0
k_line_787.png,0
k_line_788.png,0
k_line_789.png,0
k_line_790.png,0
k_line_791.png,0
k_line_792.png,0
k_line_793.png,0
k_line_794.png,0
k_line_795.png,0
k_line_796.png,0
k_line_797.png,0
k_line_798.png,0
k_line_799.png,0
k_line_800.png,0
k_line_801.png,0
k_line_802.png,0
k_line_803.png,0
k_line_804.png,0
k_line_805.png,0
k_line_806.png,0
k_line_807.png,1
k_line_808.png,1
k_line_809.png,1
k_line_810.png,1
k_line_811.png,1
k_line_812.png,1
k_line_813.png,1
k_line_814.png,1
k_line_815.png,1
k_line_816.png,1
k_line_817.png,1
k_line_818.png,1
k_line_819.png,1
k_line_820.png,1
k_line_821.png,1
k_line_822.png,1
k_line_823.png,0
k_line_824.png,0
k_line_825.png,0
k_line_826.png,0
k_line_827.png,0
k_line_828.png,1
k_line_829.png,1
k_line_830.png,1
k_line_831.png,1
k_line_832.png,1
k_line_833.png,1
k_line_834.png,0
k_line_835.png,0
k_line_836.png,0
k_line_837.png,0
k_line_838.png,0
k_line_839.png,0
k_line_840.png,0
k_line_841.png,0
k_line_842.png,0
k_line_843.png,0
k_line_844.png,0
k_line_845.png,0
k_line_846.png,0
k_line_847.png,0
k_line_848.png,0
k_line_849.png,0
k_line_850.png,0
k_line_851.png,0
k_line_852.png,0
k_line_853.png,0
k_line_854.png,0
k_line_855.png,0
k_line_856.png,0
k_line_857.png,0
k_line_858.png,0
k_line_859.png,0
k_line_860.png,0
k_line_861.png,0
k_line_862.png,0
k_line_863.png,0
k_line_864.png,1
k_line_865.png,1
k_line_866.png,1
k_line_867.png,1
k_line_868.png,1
k_line_869.png,1
k_line_870.png,1
k_line_871.png,1
k_line_872.png,1
k_line_873.png,1
k_line_874.png,1
k_line_875.png,1
k_line_876.png,1
k_line_877.png,1
k_line_878.png,1
k_line_879.png,1
k_line_880.png,1
k_line_881.png,1
k_line_882.png,1
k_line_883.png,1
k_line_884.png,1
k_line_885.png,1
k_line_886.png,1
k_line_887.png,1
k_line_888.png,1
k_line_889.png,1
k_line_890.png,1
k_line_891.png,1
k_line_892.png,1
k_line_893.png,1
k_line_894.png,0
k_line_895.png,0
k_line_896.png,1
k_line_897.png,1
k_line_898.png,1
k_line_899.png,0
k_line_900.png,0
k_line_901.png,0
k_line_902.png,0
k_line_903.png,0
k_line_904.png,0
k_line_905.png,0
k_line_906.png,0
k_line_907.png,0
k_line_908.png,0
k_line_909.png,0
k_line_910.png,0
k_line_911.png,0
k_line_912.png,0
k_line_913.png,0
k_line_914.png,1
k_line_915.png,0
k_line_916.png,0
k_line_917.png,0
k_line_918.png,0
k_line_919.png,0
k_line_920.png,0
k_line_921.png,0
k_line_922.png,0
k_line_923.png,0
k_line_924.png,0
k_line_925.png,0
k_line_926.png,0
k_line_927.png,0
k_line_928.png,0
k_line_929.png,0
k_line_930.png,0
k_line_931.png,0
k_line_932.png,0
k_line_933.png,0
k_line_934.png,0
k_line_935.png,0
k_line_936.png,0
k_line_937.png,0
k_line_938.png,0
k_line_939.png,0
k_line_940.png,0
k_line_941.png,0
k_line_942.png,0
k_line_943.png,0
k_line_944.png,0
k_line_945.png,0
k_line_946.png,0
k_line_947.png,0
k_line_948.png,0
k_line_949.png,1
k_line_950.png,1
k_line_951.png,1
k_line_952.png,1
k_line_953.png,1
k_line_954.png,0
k_line_955.png,0
k_line_956.png,0
k_line_957.png,0
k_line_958.png,0
k_line_959.png,0
k_line_960.png,1
k_line_961.png,1
k_line_962.png,1
k_line_963.png,1
k_line_964.png,1
k_line_965.png,1
k_line_966.png,0
k_line_967.png,0
k_line_968.png,0
k_line_969.png,0
k_line_970.png,1
k_line_971.png,1
k_line_972.png,1
k_line_973.png,1
k_line_974.png,1
k_line_975.png,1
k_line_976.png,1
k_line_977.png,1
k_line_978.png,0
k_line_979.png,0
k_line_980.png,0
k_line_981.png,0
k_line_982.png,0
k_line_983.png,0
k_line_984.png,0
k_line_985.png,0
k_line_986.png,0
k_line_987.png,0
k_line_988.png,0
k_line_989.png,0
k_line_990.png,0
k_line_991.png,0
k_line_992.png,0
k_line_993.png,1
k_line_994.png,1
k_line_995.png,1
k_line_996.png,1
k_line_997.png,1
k_line_998.png,1
k_line_999.png,1
k_line_1000.png,1
k_line_1001.png,1
k_line_1002.png,1
k_line_1003.png,1
k_line_1004.png,1
k_line_1005.png,1
k_line_1006.png,1
k_line_1007.png,1
k_line_1008.png,1
k_line_1009.png,1
k_line_1010.png,1
k_line_1011.png,1
k_line_1012.png,1
k_line_1013.png,1
k_line_1014.png,1
k_line_1015.png,1
k_line_1016.png,1
k_line_1017.png,1
k_line_1018.png,1
k_line_1019.png,1
k_line_1020.png,1
k_line_1021.png,1
k_line_1022.png,1
k_line_1023.png,1
k_line_1024.png,1
k_line_1025.png,0
k_line_1026.png,0
k_line_1027.png,0
k_line_1028.png,0
k_line_1029.png,0
k_line_1030.png,0
k_line_1031.png,0
k_line_1032.png,0
k_line_1033.png,0
k_line_1034.png,0
k_line_1035.png,0
k_line_1036.png,0
k_line_1037.png,0
k_line_1038.png,0
k_line_1039.png,0
k_line_1040.png,0
k_line_1041.png,0
k_line_1042.png,0
k_line_1043.png,0
k_line_1044.png,0
k_line_1045.png,0
k_line_1046.png,0
k_line_1047.png,0
k_line_1048.png,0
k_line_1049.png,0
k_line_1050.png,0
k_line_1051.png,1
k_line_1052.png,1
k_line_1053.png,0
k_line_1054.png,1
k_line_1055.png,1
k_line_1056.png,1
k_line_1057.png,0
k_line_1058.png,1
k_line_1059.png,1
k_line_1060.png,1
k_line_1061.png,1
k_line_1062.png,1
k_line_1063.png,1
k_line_1064.png,1
k_line_1065.png,1
k_line_1066.png,1
k_line_1067.png,1
k_line_1068.png,1
k_line_1069.png,1
k_line_1070.png,0
k_line_1071.png,1
k_line_1072.png,1
k_line_1073.png,1
k_line_1074.png,1
k_line_1075.png,1
k_line_1076.png,1
k_line_1077.png,1
k_line_1078.png,1
k_line_1079.png,1
k_line_1080.png,1
k_line_1081.png,1
k_line_1082.png,1
k_line_1083.png,1
k_line_1084.png,1
k_line_1085.png,1
k_line_1086.png,1
k_line_1087.png,1
k_line_1088.png,1
k_line_1089.png,0
k_line_1090.png,0
k_line_1091.png,0
k_line_1092.png,0
k_line_1093.png,0
k_line_1094.png,0
k_line_1095.png,0
k_line_1096.png,0
k_line_1097.png,0
k_line_1098.png,0
k_line_1099.png,0
k_line_1100.png,0
k_line_1101.png,1
k_line_1102.png,1
k_line_1103.png,1
k_line_1104.png,1
k_line_1105.png,1
k_line_1106.png,1
k_line_1107.png,1
k_line_1108.png,1
k_line_1109.png,1
k_line_1110.png,1
k_line_1111.png,1
k_line_1112.png,1
k_line_1113.png,1
k_line_1114.png,1
k_line_1115.png,1
k_line_1116.png,1
k_line_1117.png,1
k_line_1118.png,1
k_line_1119.png,1
k_line_1120.png,0
k_line_1121.png,0
k_line_1122.png,0
k_line_1123.png,0
k_line_1124.png,0
k_line_1125.png,1
k_line_1126.png,1
k_line_1127.png,1
k_line_1128.png,1
k_line_1129.png,1
k_line_1130.png,1
k_line_1131.png,0
k_line_1132.png,1
k_line_1133.png,1
k_line_1134.png,1
k_line_1135.png,1
k_line_1136.png,1
k_line_1137.png,1
k_line_1138.png,1
k_line_1139.png,1
k_line_1140.png,0
k_line_1141.png,0
k_line_1142.png,0
k_line_1143.png,0
k_line_1144.png,0
k_line_1145.png,0
k_line_1146.png,0
k_line_1147.png,0
k_line_1148.png,0
k_line_1149.png,0
k_line_1150.png,0
k_line_1151.png,0
k_line_1152.png,0
k_line_1153.png,0
k_line_1154.png,0
k_line_1155.png,0
k_line_1156.png,0
k_line_1157.png,0
k_line_1158.png,0
k_line_1159.png,0
k_line_1160.png,0
k_line_1161.png,0
k_line_1162.png,0
k_line_1163.png,0
k_line_1164.png,0
k_line_1165.png,0
k_line_1166.png,1
k_line_1167.png,1
k_line_1168.png,1
k_line_1169.png,0
k_line_1170.png,0
k_line_1171.png,0
k_line_1172.png,0
k_line_1173.png,0
k_line_1174.png,0
k_line_1175.png,0
k_line_1176.png,0
k_line_1177.png,0
k_line_1178.png,1
k_line_1179.png,0
k_line_1180.png,0
k_line_1181.png,0
k_line_1182.png,0
k_line_1183.png,0
k_line_1184.png,0
k_line_1185.png,0
k_line_1186.png,0
k_line_1187.png,0
k_line_1188.png,0
k_line_1189.png,0
k_line_1190.png,0
k_line_1191.png,0
k_line_1192.png,0
k_line_1193.png,0
k_line_1194.png,0
k_line_1195.png,0
k_line_1196.png,0
k_line_1197.png,0
k_line_1198.png,0
k_line_1199.png,1
k_line_1200.png,1
k_line_1201.png,1
k_line_1202.png,1
k_line_1203.png,1
k_line_1204.png,1
k_line_1205.png,1
k_line_1206.png,1
k_line_1207.png,1
k_line_1208.png,1
k_line_1209.png,1
k_line_1210.png,1
k_line_1211.png,1
k_line_1212.png,1
k_line_1213.png,1
k_line_1214.png,1
k_line_1215.png,1
k_line_1216.png,1
k_line_1217.png,1
k_line_1218.png,1
k_line_1219.png,1
k_line_1220.png,1
k_line_1221.png,1
k_line_1222.png,1
k_line_1223.png,1
k_line_1224.png,1
k_line_1225.png,1
k_line_1226.png,1
k_line_1227.png,1
k_line_1228.png,1
k_line_1229.png,1
k_line_1230.png,1
k_line_1231.png,1
k_line_1232.png,1
k_line_1233.png,1
k_line_1234.png,0
k_line_1235.png,0
k_line_1236.png,0
k_line_1237.png,0
k_line_1238.png,0
k_line_1239.png,0
k_line_1240.png,0
k_line_1241.png,0
k_line_1242.png,0
k_line_1243.png,0
k_line_1244.png,1
k_line_1245.png,1
k_line_1246.png,0
k_line_1247.png,0
k_line_1248.png,1
k_line_1249.png,0
k_line_1250.png,0
k_line_1251.png,0
k_line_1252.png,0
k_line_1253.png,0
k_line_1254.png,0
k_line_1255.png,0
k_line_1256.png,0
k_line_1257.png,0
k_line_1258.png,0
k_line_1259.png,1
k_line_1260.png,0
k_line_1261.png,1
k_line_1262.png,1
k_line_1263.png,1
k_line_1264.png,1
k_line_1265.png,1
k_line_1266.png,0
k_line_1267.png,0
k_line_1268.png,0
k_line_1269.png,0
k_line_1270.png,0
k_line_1271.png,0
k_line_1272.png,0
k_line_1273.png,0
k_line_1274.png,0
k_line_1275.png,0
k_line_1276.png,0
k_line_1277.png,0
k_line_1278.png,0
k_line_1279.png,0
k_line_1280.png,0
k_line_1281.png,0
k_line_1282.png,0
k_line_1283.png,0
k_line_1284.png,0
k_line_1285.png,0
k_line_1286.png,0
k_line_1287.png,0
k_line_1288.png,0
k_line_1289.png,1
k_line_1290.png,1
k_line_1291.png,1
k_line_1292.png,1
k_line_1293.png,1
k_line_1294.png,0
k_line_1295.png,0
k_line_1296.png,0
k_line_1297.png,0
k_line_1298.png,0
k_line_1299.png,0
k_line_1300.png,0
k_line_1301.png,1
k_line_1302.png,1
k_line_1303.png,1
k_line_1304.png,1
k_line_1305.png,1
k_line_1306.png,1
k_line_1307.png,1
k_line_1308.png,1
k_line_1309.png,1
k_line_1310.png,1
k_line_1311.png,1
k_line_1312.png,1
k_line_1313.png,1
k_line_1314.png,1
k_line_1315.png,1
k_line_1316.png,1
k_line_1317.png,1
k_line_1318.png,1
k_line_1319.png,1
k_line_1320.png,1
k_line_1321.png,1
k_line_1322.png,1
k_line_1323.png,1
k_line_1324.png,1
k_line_1325.png,1
k_line_1326.png,1
k_line_1327.png,1
k_line_1328.png,0
k_line_1329.png,0
k_line_1330.png,0
k_line_1331.png,0
k_line_1332.png,0
k_line_1333.png,0
k_line_1334.png,0
k_line_1335.png,0
k_line_1336.png,1
k_line_1337.png,0
k_line_1338.png,0
k_line_1339.png,0
k_line_1340.png,0
k_line_1341.png,0
k_line_1342.png,0
k_line_1343.png,0
k_line_1344.png,0
k_line_1345.png,0
k_line_1346.png,0
k_line_1347.png,1
k_line_1348.png,1
k_line_1349.png,1
k_line_1350.png,1
k_line_1351.png,1
k_line_1352.png,1
k_line_1353.png,1
k_line_1354.png,1
k_line_1355.png,1
k_line_1356.png,1
k_line_1357.png,1
k_line_1358.png,1
k_line_1359.png,1
k_line_1360.png,1
k_line_1361.png,1
k_line_1362.png,1
k_line_1363.png,0
k_line_1364.png,0
k_line_1365.png,0
k_line_1366.png,0
k_line_1367.png,0
k_line_1368.png,1
k_line_1369.png,0
k_line_1370.png,0
k_line_1371.png,0
k_line_1372.png,1
k_line_1373.png,0
k_line_1374.png,0
k_line_1375.png,0
k_line_1376.png,0
k_line_1377.png,1
k_line_1378.png,1
k_line_1379.png,1
k_line_1380.png,1
k_line_1381.png,1
k_line_1382.png,1
k_line_1383.png,1
k_line_1384.png,1
k_line_1385.png,1
k_line_1386.png,1
k_line_1387.png,1
k_line_1388.png,1
k_line_1389.png,1
k_line_1390.png,0
k_line_1391.png,0
k_line_1392.png,0
k_line_1393.png,0
k_line_1394.png,0
k_line_1395.png,0
k_line_1396.png,0
k_line_1397.png,0
k_line_1398.png,0
k_line_1399.png,0
k_line_1400.png,0
k_line_1401.png,0
k_line_1402.png,1
k_line_1403.png,1
k_line_1404.png,1
k_line_1405.png,1
k_line_1406.png,1
k_line_1407.png,1
k_line_1408.png,1
k_line_1409.png,1
k_line_1410.png,1
k_line_1411.png,1
k_line_1412.png,1
k_line_1413.png,1
k_line_1414.png,1
k_line_1415.png,1
k_line_1416.png,1
k_line_1417.png,1
k_line_1418.png,1
k_line_1419.png,1
k_line_1420.png,1
k_line_1421.png,1
k_line_1422.png,0
k_line_1423.png,0
k_line_1424.png,0
k_line_1425.png,1
k_line_1426.png,1
k_line_1427.png,1
k_line_1428.png,1
k_line_1429.png,0
k_line_1430.png,0
k_line_1431.png,1
k_line_1432.png,1
k_line_1433.png,1
k_line_1434.png,1
k_line_1435.png,1
k_line_1436.png,1
k_line_1437.png,1
k_line_1438.png,1
k_line_1439.png,1
k_line_1440.png,1
k_line_1441.png,1
k_line_1442.png,0
k_line_1443.png,0
k_line_1444.png,0
k_line_1445.png,0
k_line_1446.png,0
k_line_1447.png,0
k_line_1448.png,0
k_line_1449.png,0
k_line_1450.png,0
k_line_1451.png,0
k_line_1452.png,1
k_line_1453.png,1
k_line_1454.png,1
k_line_1455.png,1
k_line_1456.png,1
k_line_1457.png,1
k_line_1458.png,1
k_line_1459.png,1
k_line_1460.png,0
k_line_1461.png,0
k_line_1462.png,0
k_line_1463.png,0
k_line_1464.png,0
k_line_1465.png,0
k_line_1466.png,0
k_line_1467.png,0
k_line_1468.png,0
k_line_1469.png,0
k_line_1470.png,0
k_line_1471.png,0
k_line_1472.png,0
k_line_1473.png,1
k_line_1474.png,1
k_line_1475.png,1
k_line_1476.png,0
k_line_1477.png,0
k_line_1478.png,0
k_line_1479.png,0
k_line_1480.png,0
k_line_1481.png,0
k_line_1482.png,0
k_line_1483.png,0
k_line_1484.png,0
k_line_1485.png,0
k_line_1486.png,0
k_line_1487.png,0
k_line_1488.png,0
k_line_1489.png,0
k_line_1490.png,0
k_line_1491.png,0
k_line_1492.png,0
k_line_1493.png,0
k_line_1494.png,0
k_line_1495.png,0
k_line_1496.png,0
k_line_1497.png,0
k_line_1498.png,0
k_line_1499.png,0
k_line_1500.png,0
k_line_1501.png,0
k_line_1502.png,0
k_line_1503.png,0
k_line_1504.png,0
k_line_1505.png,0
k_line_1506.png,0
k_line_1507.png,0
k_line_1508.png,1
k_line_1509.png,1
k_line_1510.png,1
k_line_1511.png,1
k_line_1512.png,1
k_line_1513.png,1
k_line_1514.png,1
k_line_1515.png,1
k_line_1516.png,1
k_line_1517.png,1
k_line_1518.png,1
k_line_1519.png,1
k_line_1520.png,1
k_line_1521.png,1
k_line_1522.png,1
k_line_1523.png,1
k_line_1524.png,0
k_line_1525.png,0
k_line_1526.png,0
k_line_1527.png,0
k_line_1528.png,0
k_line_1529.png,0
k_line_1530.png,0
k_line_1531.png,0
k_line_1532.png,0
k_line_1533.png,0
k_line_1534.png,0
k_line_1535.png,0
k_line_1536.png,0
k_line_1537.png,0
k_line_1538.png,0
k_line_1539.png,1
k_line_1540.png,1
k_line_1541.png,1
k_line_1542.png,1
k_line_1543.png,1
k_line_1544.png,1
k_line_1545.png,1
k_line_1546.png,1
k_line_1547.png,1
k_line_1548.png,1
k_line_1549.png,1
k_line_1550.png,1
k_line_1551.png,1
k_line_1552.png,1
k_line_1553.png,1
k_line_1554.png,1
k_line_1555.png,1
k_line_1556.png,1
k_line_1557.png,1
k_line_1558.png,1
k_line_1559.png,1
k_line_1560.png,1
k_line_1561.png,1
k_line_1562.png,1
k_line_1563.png,1
k_line_1564.png,1
k_line_1565.png,0
k_line_1566.png,0
k_line_1567.png,0
k_line_1568.png,0
k_line_1569.png,0
k_line_1570.png,0
k_line_1571.png,0
k_line_1572.png,0
k_line_1573.png,0
k_line_1574.png,0
k_line_1575.png,1
k_line_1576.png,1
k_line_1577.png,1
k_line_1578.png,1
k_line_1579.png,1
k_line_1580.png,1
k_line_1581.png,1
k_line_1582.png,1
k_line_1583.png,1
k_line_1584.png,1
k_line_1585.png,1
k_line_1586.png,1
k_line_1587.png,1
k_line_1588.png,1
k_line_1589.png,1
k_line_1590.png,1
k_line_1591.png,1
k_line_1592.png,1
k_line_1593.png,1
k_line_1594.png,1
k_line_1595.png,1
k_line_1596.png,1
k_line_1597.png,1
k_line_1598.png,0
k_line_1599.png,0
k_line_1600.png,0
k_line_1601.png,0
k_line_1602.png,0
k_line_1603.png,0
k_line_1604.png,0
k_line_1605.png,0
k_line_1606.png,0
k_line_1607.png,0
k_line_1608.png,0
k_line_1609.png,0
k_line_1610.png,0
k_line_1611.png,1
k_line_1612.png,1
k_line_1613.png,1
k_line_1614.png,1
k_line_1615.png,1
k_line_1616.png,1
k_line_1617.png,1
k_line_1618.png,1
k_line_1619.png,1
k_line_1620.png,1
k_line_1621.png,1
k_line_1622.png,1
k_line_1623.png,1
k_line_1624.png,1
k_line_1625.png,1
k_line_1626.png,1
k_line_1627.png,1
k_line_1628.png,1
k_line_1629.png,1
k_line_1630.png,0
k_line_1631.png,0
k_line_1632.png,0
k_line_1633.png,0
k_line_1634.png,0
k_line_1635.png,0
k_line_1636.png,0
k_line_1637.png,0
k_line_1638.png,0
k_line_1639.png,0
k_line_1640.png,0
k_line_1641.png,0
k_line_1642.png,0
k_line_1643.png,0
k_line_1644.png,0
k_line_1645.png,0
k_line_1646.png,0
k_line_1647.png,1
k_line_1648.png,1
k_line_1649.png,1
k_line_1650.png,1
k_line_1651.png,1
k_line_1652.png,1
k_line_1653.png,1
k_line_1654.png,0
k_line_1655.png,0
k_line_1656.png,0
k_line_1657.png,0
k_line_1658.png,0
k_line_1659.png,0
k_line_1660.png,0
k_line_1661.png,0
k_line_1662.png,0
k_line_1663.png,0
k_line_1664.png,0
k_line_1665.png,0
k_line_1666.png,1
k_line_1667.png,1
k_line_1668.png,1
k_line_1669.png,1
k_line_1670.png,1
k_line_1671.png,1
k_line_1672.png,1
k_line_1673.png,1
k_line_1674.png,1
k_line_1675.png,1
k_line_1676.png,1
k_line_1677.png,1
k_line_1678.png,1
k_line_1679.png,1
k_line_1680.png,1
k_line_1681.png,1
k_line_1682.png,0
k_line_1683.png,0
k_line_1684.png,0
k_line_1685.png,0
k_line_1686.png,0
k_line_1687.png,1
k_line_1688.png,1
k_line_1689.png,1
k_line_1690.png,1
k_line_1691.png,1
k_line_1692.png,1
k_line_1693.png,1
k_line_1694.png,1
k_line_1695.png,1
k_line_1696.png,1
k_line_1697.png,0
k_line_1698.png,0
k_line_1699.png,0
k_line_1700.png,0
k_line_1701.png,0
k_line_1702.png,0
k_line_1703.png,0
k_line_1704.png,0
k_line_1705.png,0
k_line_1706.png,0
k_line_1707.png,0
k_line_1708.png,0
k_line_1709.png,1
k_line_1710.png,1
k_line_1711.png,1
k_line_1712.png,1
k_line_1713.png,1
k_line_1714.png,1
k_line_1715.png,1
k_line_1716.png,0
k_line_1717.png,1
k_line_1718.png,1
k_line_1719.png,1
k_line_1720.png,1
k_line_1721.png,1
k_line_1722.png,1
k_line_1723.png,1
k_line_1724.png,1
k_line_1725.png,1
k_line_1726.png,1
k_line_1727.png,1
k_line_1728.png,1
k_line_1729.png,1
k_line_1730.png,1
k_line_1731.png,1
k_line_1732.png,1
k_line_1733.png,1
k_line_1734.png,1
k_line_1735.png,1
k_line_1736.png,1
k_line_1737.png,1
k_line_1738.png,1
k_line_1739.png,0
k_line_1740.png,0
k_line_1741.png,0
k_line_1742.png,0
k_line_1743.png,1
k_line_1744.png,1
k_line_1745.png,1
k_line_1746.png,1
k_line_1747.png,1
k_line_1748.png,1
k_line_1749.png,1
k_line_1750.png,1
k_line_1751.png,1
k_line_1752.png,1
k_line_1753.png,1
k_line_1754.png,1
k_line_1755.png,1
k_line_1756.png,0
k_line_1757.png,0
k_line_1758.png,0
k_line_1759.png,0
k_line_1760.png,0
k_line_1761.png,0
k_line_1762.png,0
k_line_1763.png,0
k_line_1764.png,0
k_line_1765.png,0
k_line_1766.png,0
k_line_1767.png,0
k_line_1768.png,0
k_line_1769.png,0
k_line_1770.png,0
k_line_1771.png,0
k_line_1772.png,0
k_line_1773.png,0
k_line_1774.png,0
k_line_1775.png,0
k_line_1776.png,0
k_line_1777.png,0
k_line_1778.png,1
k_line_1779.png,1
k_line_1780.png,1
k_line_1781.png,1
k_line_1782.png,1
k_line_1783.png,1
k_line_1784.png,1
k_line_1785.png,1
k_line_1786.png,1
k_line_1787.png,1
k_line_1788.png,1
k_line_1789.png,1
k_line_1790.png,1
k_line_1791.png,1
k_line_1792.png,1
k_line_1793.png,0
k_line_1794.png,0
k_line_1795.png,1
k_line_1796.png,1
k_line_1797.png,1
k_line_1798.png,1
k_line_1799.png,1
k_line_1800.png,1
k_line_1801.png,1
k_line_1802.png,1
k_line_1803.png,1
k_line_1804.png,1
k_line_1805.png,0
k_line_1806.png,0
k_line_1807.png,0
k_line_1808.png,0
k_line_1809.png,0
k_line_1810.png,0
k_line_1811.png,0
k_line_1812.png,0
k_line_1813.png,0
k_line_1814.png,0
k_line_1815.png,0
k_line_1816.png,0
k_line_1817.png,1
k_line_1818.png,1
k_line_1819.png,1
k_line_1820.png,1
k_line_1821.png,1
k_line_1822.png,1
k_line_1823.png,1
k_line_1824.png,1
k_line_1825.png,1
k_line_1826.png,1
k_line_1827.png,0
k_line_1828.png,0
k_line_1829.png,1
k_line_1830.png,0
k_line_1831.png,0
k_line_1832.png,0
k_line_1833.png,0
k_line_1834.png,0
k_line_1835.png,0
k_line_1836.png,0
k_line_1837.png,0
k_line_1838.png,0
k_line_1839.png,0
k_line_1840.png,0
k_line_1841.png,0
k_line_1842.png,1
k_line_1843.png,1
k_line_1844.png,1
k_line_1845.png,1
k_line_1846.png,1
k_line_1847.png,1
k_line_1848.png,1
k_line_1849.png,1
k_line_1850.png,0
k_line_1851.png,1
k_line_1852.png,0
k_line_1853.png,0
k_line_1854.png,0
k_line_1855.png,0
k_line_1856.png,0
k_line_1857.png,0
k_line_1858.png,0
k_line_1859.png,0
k_line_1860.png,0
k_line_1861.png,0
k_line_1862.png,0
k_line_1863.png,0
k_line_1864.png,0
k_line_1865.png,0
k_line_1866.png,0
k_line_1867.png,0
k_line_1868.png,0
k_line_1869.png,0
k_line_1870.png,0
k_line_1871.png,0
k_line_1872.png,0
k_line_1873.png,0
k_line_1874.png,0
k_line_1875.png,1
k_line_1876.png,1
k_line_1877.png,1
k_line_1878.png,1
k_line_1879.png,1
k_line_1880.png,1
k_line_1881.png,1
k_line_1882.png,1
k_line_1883.png,1
k_line_1884.png,1
k_line_1885.png,1
k_line_1886.png,1
k_line_1887.png,1
k_line_1888.png,1
k_line_1889.png,1
k_line_1890.png,1
k_line_1891.png,1
k_line_1892.png,1
k_line_1893.png,0
k_line_1894.png,0
k_line_1895.png,0
k_line_1896.png,0
k_line_1897.png,0
k_line_1898.png,0
k_line_1899.png,0
k_line_1900.png,1
k_line_1901.png,1
k_line_1902.png,1
k_line_1903.png,1
k_line_1904.png,1
k_line_1905.png,1
k_line_1906.png,1
k_line_1907.png,1
k_line_1908.png,1
k_line_1909.png,1
k_line_1910.png,1
k_line_1911.png,1
k_line_1912.png,1
k_line_1913.png,1
k_line_1914.png,1
k_line_1915.png,1
k_line_1916.png,1
k_line_1917.png,1
k_line_1918.png,1
k_line_1919.png,1
k_line_1920.png,1
k_line_1921.png,1
k_line_1922.png,1
k_line_1923.png,1
k_line_1924.png,1
k_line_1925.png,1
k_line_1926.png,1
k_line_1927.png,1
k_line_1928.png,1
k_line_1929.png,1
k_line_1930.png,1
k_line_1931.png,1
k_line_1932.png,1
k_line_1933.png,0
k_line_1934.png,0
k_line_1935.png,0
k_line_1936.png,0
k_line_1937.png,0
k_line_1938.png,0
k_line_1939.png,0
k_line_1940.png,0
k_line_1941.png,0
k_line_1942.png,0
k_line_1943.png,0
k_line_1944.png,0
k_line_1945.png,0
k_line_1946.png,0
k_line_1947.png,0
k_line_1948.png,1
k_line_1949.png,1
k_line_1950.png,1
k_line_1951.png,1
k_line_1952.png,0
k_line_1953.png,0
k_line_1954.png,0
k_line_1955.png,1
k_line_1956.png,1
k_line_1957.png,1
k_line_1958.png,1
k_line_1959.png,0
k_line_1960.png,0
k_line_1961.png,0
k_line_1962.png,0
k_line_1963.png,1
k_line_1964.png,1
k_line_1965.png,1
k_line_1966.png,1
k_line_1967.png,0
k_line_1968.png,0
k_line_1969.png,0
k_line_1970.png,0
k_line_1971.png,0
k_line_1972.png,0
k_line_1973.png,0
k_line_1974.png,0
k_line_1975.png,0
k_line_1976.png,0
k_line_1977.png,0
k_line_1978.png,0
k_line_1979.png,0
k_line_1980.png,0
k_line_1981.png,0
k_line_1982.png,0
k_line_1983.png,0
k_line_1984.png,0
k_line_1985.png,0
k_line_1986.png,0
k_line_1987.png,0
k_line_1988.png,0
k_line_1989.png,0
k_line_1990.png,0
k_line_1991.png,0
k_line_1992.png,0
k_line_1993.png,0
k_line_1994.png,0
k_line_1995.png,0
k_line_1996.png,0
k_line_1997.png,0
k_line_1998.png,0
k_line_1999.png,0
k_line_2000.png,0
k_line_2001.png,0
k_line_2002.png,0
k_line_2003.png,0
k_line_2004.png,0
k_line_2005.png,0
k_line_2006.png,0
k_line_2007.png,0
k_line_2008.png,0
k_line_2009.png,0
k_line_2010.png,0
k_line_2011.png,0
k_line_2012.png,0
k_line_2013.png,0
k_line_2014.png,0
k_line_2015.png,0
k_line_2016.png,0
k_line_2017.png,0
k_line_2018.png,0
k_line_2019.png,0
k_line_2020.png,0
k_line_2021.png,0
k_line_2022.png,0
k_line_2023.png,0
k_line_2024.png,0
k_line_2025.png,0
k_line_2026.png,0
k_line_2027.png,0
k_line_2028.png,0
k_line_2029.png,0
k_line_2030.png,1
k_line_2031.png,1
k_line_2032.png,1
k_line_2033.png,1
k_line_2034.png,1
k_line_2035.png,1
k_line_2036.png,1
k_line_2037.png,1
k_line_2038.png,1
k_line_2039.png,1
k_line_2040.png,0
k_line_2041.png,0
k_line_2042.png,0
k_line_2043.png,1
k_line_2044.png,0
k_line_2045.png,0
k_line_2046.png,0
k_line_2047.png,0
k_line_2048.png,0
k_line_2049.png,0
k_line_2050.png,0
k_line_2051.png,0
k_line_2052.png,0
k_line_2053.png,0
k_line_2054.png,0
k_line_2055.png,0
k_line_2056.png,0
k_line_2057.png,0
k_line_2058.png,0
k_line_2059.png,0
k_line_2060.png,0
k_line_2061.png,0
k_line_2062.png,0
k_line_2063.png,0
k_line_2064.png,0
k_line_2065.png,0
k_line_2066.png,0
k_line_2067.png,0
k_line_2068.png,0
k_line_2069.png,0
k_line_2070.png,0
k_line_2071.png,0
k_line_2072.png,0
k_line_2073.png,1
k_line_2074.png,1
k_line_2075.png,1
k_line_2076.png,1
k_line_2077.png,1
k_line_2078.png,1
k_line_2079.png,1
k_line_2080.png,0
k_line_2081.png,0
k_line_2082.png,0
k_line_2083.png,0
k_line_2084.png,1
k_line_2085.png,1
k_line_2086.png,1
k_line_2087.png,1
k_line_2088.png,1
k_line_2089.png,1
k_line_2090.png,0
k_line_2091.png,0
k_line_2092.png,1
k_line_2093.png,1
k_line_2094.png,1
k_line_2095.png,1
k_line_2096.png,1
k_line_2097.png,1
k_line_2098.png,1
k_line_2099.png,1
k_line_2100.png,1
k_line_2101.png,1
k_line_2102.png,1
k_line_2103.png,1
k_line_2104.png,1
k_line_2105.png,0
k_line_2106.png,0
k_line_2107.png,0
k_line_2108.png,0
k_line_2109.png,0
k_line_2110.png,0
k_line_2111.png,0
k_line_2112.png,0
k_line_2113.png,0
k_line_2114.png,0
k_line_2115.png,0
k_line_2116.png,0
k_line_2117.png,0
k_line_2118.png,0
k_line_2119.png,0
k_line_2120.png,0
k_line_2121.png,0
k_line_2122.png,0
k_line_2123.png,0
k_line_2124.png,0
k_line_2125.png,1
k_line_2126.png,0
k_line_2127.png,0
k_line_2128.png,0
k_line_2129.png,0
k_line_2130.png,0
k_line_2131.png,0
k_line_2132.png,0
k_line_2133.png,0
k_line_2134.png,0
k_line_2135.png,0
k_line_2136.png,1
k_line_2137.png,1
k_line_2138.png,1
k_line_2139.png,1
k_line_2140.png,1
k_line_2141.png,1
k_line_2142.png,1
k_line_2143.png,1
k_line_2144.png,1
k_line_2145.png,1
k_line_2146.png,1
k_line_2147.png,1
k_line_2148.png,1
k_line_2149.png,1
k_line_2150.png,1
k_line_2151.png,1
k_line_2152.png,1
k_line_2153.png,1
k_line_2154.png,1
k_line_2155.png,1
k_line_2156.png,0
k_line_2157.png,0
k_line_2158.png,0
k_line_2159.png,0
k_line_2160.png,0
k_line_2161.png,0
k_line_2162.png,0
k_line_2163.png,0
k_line_2164.png,0
k_line_2165.png,0
k_line_2166.png,0
k_line_2167.png,0
k_line_2168.png,0
k_line_2169.png,0
k_line_2170.png,0
k_line_2171.png,0
k_line_2172.png,1
k_line_2173.png,1
k_line_2174.png,1
k_line_2175.png,1
k_line_2176.png,1
k_line_2177.png,0
k_line_2178.png,0
k_line_2179.png,0
k_line_2180.png,0
k_line_2181.png,0
k_line_2182.png,0
k_line_2183.png,0
k_line_2184.png,0
k_line_2185.png,1
k_line_2186.png,1
k_line_2187.png,1
k_line_2188.png,1
k_line_2189.png,1
k_line_2190.png,1
k_line_2191.png,1
k_line_2192.png,1
k_line_2193.png,1
k_line_2194.png,1
k_line_2195.png,1
k_line_2196.png,1
k_line_2197.png,1
k_line_2198.png,1
k_line_2199.png,1
k_line_2200.png,1
k_line_2201.png,1
k_line_2202.png,1
k_line_2203.png,1
k_line_2204.png,1
k_line_2205.png,1
k_line_2206.png,1
k_line_2207.png,1
k_line_2208.png,1
k_line_2209.png,1
k_line_2210.png,1
k_line_2211.png,1
k_line_2212.png,1
k_line_2213.png,1
k_line_2214.png,1
k_line_2215.png,1
k_line_2216.png,1
k_line_2217.png,1
k_line_2218.png,1
k_line_2219.png,1
k_line_2220.png,1
k_line_2221.png,1
k_line_2222.png,1
k_line_2223.png,1
k_line_2224.png,1
k_line_2225.png,0
k_line_2226.png,0
k_line_2227.png,1
k_line_2228.png,1
k_line_2229.png,1
k_line_2230.png,1
k_line_2231.png,1
k_line_2232.png,1
k_line_2233.png,1
k_line_2234.png,1
k_line_2235.png,1
k_line_2236.png,1
k_line_2237.png,1
k_line_2238.png,1
k_line_2239.png,1
k_line_2240.png,1
k_line_2241.png,1
k_line_2242.png,0
k_line_2243.png,0
k_line_2244.png,0
k_line_2245.png,0
k_line_2246.png,0
k_line_2247.png,0
k_line_2248.png,0
k_line_2249.png,0
k_line_2250.png,0
k_line_2251.png,0
k_line_2252.png,0
k_line_2253.png,0
k_line_2254.png,0
k_line_2255.png,0
k_line_2256.png,0
k_line_2257.png,0
k_line_2258.png,0
k_line_2259.png,0
k_line_2260.png,0
k_line_2261.png,1
k_line_2262.png,1
k_line_2263.png,1
k_line_2264.png,1
k_line_2265.png,1
k_line_2266.png,1
k_line_2267.png,0
k_line_2268.png,0
k_line_2269.png,0
k_line_2270.png,0
k_line_2271.png,0
k_line_2272.png,0
k_line_2273.png,1
k_line_2274.png,1
k_line_2275.png,1
k_line_2276.png,1
k_line_2277.png,0
k_line_2278.png,0
k_line_2279.png,0
k_line_2280.png,0
k_line_2281.png,0
k_line_2282.png,0
k_line_2283.png,0
k_line_2284.png,0
k_line_2285.png,0
k_line_2286.png,0
k_line_2287.png,0
k_line_2288.png,0
k_line_2289.png,0
k_line_2290.png,0
k_line_2291.png,0
k_line_2292.png,1
k_line_2293.png,1
k_line_2294.png,1
k_line_2295.png,1
k_line_2296.png,1
k_line_2297.png,1
k_line_2298.png,1
k_line_2299.png,1
k_line_2300.png,1
k_line_2301.png,1
k_line_2302.png,1
k_line_2303.png,1
k_line_2304.png,1
k_line_2305.png,1
k_line_2306.png,1
k_line_2307.png,1
k_line_2308.png,1
k_line_2309.png,1
k_line_2310.png,1
k_line_2311.png,1
k_line_2312.png,1
k_line_2313.png,1
k_line_2314.png,1
k_line_2315.png,1
k_line_2316.png,1
k_line_2317.png,1
k_line_2318.png,1
k_line_2319.png,1
k_line_2320.png,1
k_line_2321.png,1
k_line_2322.png,1
k_line_2323.png,1
k_line_2324.png,1
k_line_2325.png,1
k_line_2326.png,1
k_line_2327.png,1
k_line_2328.png,1
k_line_2329.png,1
k_line_2330.png,1
k_line_2331.png,1
k_line_2332.png,1
k_line_2333.png,1
k_line_2334.png,1
k_line_2335.png,1
k_line_2336.png,1
k_line_2337.png,1
k_line_2338.png,1
k_line_2339.png,1
k_line_2340.png,1
k_line_2341.png,1
k_line_2342.png,1
k_line_2343.png,1
k_line_2344.png,1
k_line_2345.png,1
k_line_2346.png,1
k_line_2347.png,1
k_line_2348.png,1
k_line_2349.png,1
k_line_2350.png,1
k_line_2351.png,0
k_line_2352.png,0
k_line_2353.png,0
k_line_2354.png,0
k_line_2355.png,0
k_line_2356.png,0
k_line_2357.png,0
k_line_2358.png,0
k_line_2359.png,0
k_line_2360.png,0
k_line_2361.png,0
k_line_2362.png,0
k_line_2363.png,0
k_line_2364.png,0
k_line_2365.png,0
k_line_2366.png,0
k_line_2367.png,1
k_line_2368.png,1
k_line_2369.png,1
k_line_2370.png,1
k_line_2371.png,1
k_line_2372.png,1
k_line_2373.png,1
k_line_2374.png,1
k_line_2375.png,1
k_line_2376.png,1
k_line_2377.png,1
k_line_2378.png,1
k_line_2379.png,1
k_line_2380.png,1
k_line_2381.png,1
k_line_2382.png,1
k_line_2383.png,1
k_line_2384.png,1
k_line_2385.png,1
k_line_2386.png,1
k_line_2387.png,1
k_line_2388.png,1
k_line_2389.png,1
k_line_2390.png,1
k_line_2391.png,1
k_line_2392.png,1
k_line_2393.png,1
k_line_2394.png,1
k_line_2395.png,1
k_line_2396.png,1
k_line_2397.png,1
k_line_2398.png,1
k_line_2399.png,1
k_line_2400.png,1
k_line_2401.png,1
k_line_2402.png,1
k_line_2403.png,1
k_line_2404.png,1
k_line_2405.png,1
k_line_2406.png,1
k_line_2407.png,1
k_line_2408.png,1
k_line_2409.png,1
k_line_2410.png,1
k_line_2411.png,1
k_line_2412.png,1
k_line_2413.png,1
k_line_2414.png,1
k_line_2415.png,1
k_line_2416.png,1
k_line_2417.png,1
k_line_2418.png,1
k_line_2419.png,1
k_line_2420.png,1
k_line_2421.png,1
k_line_2422.png,1
k_line_2423.png,1
k_line_2424.png,1
k_line_2425.png,1
k_line_2426.png,1
k_line_2427.png,1
k_line_2428.png,1
k_line_2429.png,1
k_line_2430.png,1
k_line_2431.png,1
k_line_2432.png,1
k_line_2433.png,1
k_line_2434.png,1
k_line_2435.png,1
k_line_2436.png,1
k_line_2437.png,1
k_line_2438.png,1
k_line_2439.png,1
k_line_2440.png,1
k_line_2441.png,1
k_line_2442.png,1
k_line_2443.png,1
k_line_2444.png,1
k_line_2445.png,1
k_line_2446.png,1
k_line_2447.png,1
k_line_2448.png,1
k_line_2449.png,1
k_line_2450.png,1
k_line_2451.png,1
k_line_2452.png,1
k_line_2453.png,1
k_line_2454.png,1
k_line_2455.png,1
k_line_2456.png,1
k_line_2457.png,1
k_line_2458.png,1
k_line_2459.png,1
k_line_2460.png,1
k_line_2461.png,1
k_line_2462.png,1
k_line_2463.png,1
k_line_2464.png,1
k_line_2465.png,1
k_line_2466.png,1
k_line_2467.png,1
k_line_2468.png,1
k_line_2469.png,1
k_line_2470.png,1
k_line_2471.png,1
k_line_2472.png,1
k_line_2473.png,1
k_line_2474.png,1
k_line_2475.png,1
k_line_2476.png,1
k_line_2477.png,1
k_line_2478.png,0
k_line_2479.png,0
k_line_2480.png,0
k_line_2481.png,0
k_line_2482.png,0
k_line_2483.png,0
k_line_2484.png,0
k_line_2485.png,0
k_line_2486.png,0
k_line_2487.png,0
k_line_2488.png,0
k_line_2489.png,0
k_line_2490.png,0
k_line_2491.png,0
k_line_2492.png,0
k_line_2493.png,0
k_line_2494.png,0
k_line_2495.png,0
k_line_2496.png,0
k_line_2497.png,0
k_line_2498.png,0
k_line_2499.png,0
k_line_2500.png,0
k_line_2501.png,0
k_line_2502.png,0
k_line_2503.png,0
k_line_2504.png,0
k_line_2505.png,0
k_line_2506.png,0
k_line_2507.png,0
k_line_2508.png,0
k_line_2509.png,0
k_line_2510.png,0
k_line_2511.png,0
k_line_2512.png,0
k_line_2513.png,1
k_line_2514.png,1
k_line_2515.png,1
k_line_2516.png,1
k_line_2517.png,1
k_line_2518.png,1
k_line_2519.png,1
k_line_2520.png,0
k_line_2521.png,0
k_line_2522.png,0
k_line_2523.png,0
k_line_2524.png,0
k_line_2525.png,0
k_line_2526.png,0
k_line_2527.png,0
k_line_2528.png,0
k_line_2529.png,1
k_line_2530.png,1
k_line_2531.png,1
k_line_2532.png,0
k_line_2533.png,0
k_line_2534.png,0
k_line_2535.png,0
k_line_2536.png,0
k_line_2537.png,0
k_line_2538.png,0
k_line_2539.png,0
k_line_2540.png,0
k_line_2541.png,0
k_line_2542.png,0
k_line_2543.png,0
k_line_2544.png,0
k_line_2545.png,0
k_line_2546.png,0
k_line_2547.png,0
k_line_2548.png,0
k_line_2549.png,0
k_line_2550.png,0
k_line_2551.png,0
k_line_2552.png,0
k_line_2553.png,0
k_line_2554.png,0
k_line_2555.png,0
k_line_2556.png,0
k_line_2557.png,0
k_line_2558.png,0
k_line_2559.png,0
k_line_2560.png,0
k_line_2561.png,1
k_line_2562.png,1
k_line_2563.png,1
k_line_2564.png,1
k_line_2565.png,1
k_line_2566.png,0
k_line_2567.png,0
k_line_2568.png,0
k_line_2569.png,0
k_line_2570.png,0
k_line_2571.png,0
k_line_2572.png,0
k_line_2573.png,0
k_line_2574.png,0
k_line_2575.png,0
k_line_2576.png,0
k_line_2577.png,0
k_line_2578.png,0
k_line_2579.png,0
k_line_2580.png,0
k_line_2581.png,1
k_line_2582.png,1
k_line_2583.png,1
k_line_2584.png,1
k_line_2585.png,1
k_line_2586.png,1
k_line_2587.png,1
k_line_2588.png,1
k_line_2589.png,1
